,preg,plas,pres,skin,testmasspediageclass
count,768.0,768.0,768.0,768.0,768.0
mean,79.79947916666667,31.992578124999998,0.47187630208333325,33.240885416666664,0.3489583333333333
std,115.24400235133817,7.884160320375446,0.3313285950127749,11.760231540678685,0.47695137724279896
min,0.0,0.0,0.078,21.0,0.0
25%,0.0,27.3,0.24375,24.0,0.0
50%,30.5,32.0,0.3725,29.0,0.0
75%,127.25,36.6,0.62625,41.0,1.0
max,846.0,67.1,2.42,81.0,1.0
